,한글 이름,원제,시즌 수,재생 시간,장르,연령 등급,Production country,감독
0,푸바,FUBAR,2개 시즌,56min,"코미디, 스릴러, 액션, 드라마",19,미국,
1,건즈 앤 굴라브,गन्ज़ & गुलाब्ज़,1개 시즌,53min,"코미디, 드라마, 범죄, 로맨스, 스릴러",15,인도,"Krishna D.K. ,  Raj Nidimoru"
2,유유백서,幽☆遊☆白書,1개 시즌,50min,"SF, 코미디, 드라마, 판타지, 액션",15,일본,
3,지옥락,地獄楽,2개 시즌,24min,"드라마, 액션, SF, 애니메이션, 판타지, 스릴러",19,일본,
4,크리처,Creature,1개 시즌,47min,"드라마, 판타지, 역사, SF",19,터키,Çağan Irmak
5,밤이 되었습니다,,1개 시즌,35min,"드라마, 스릴러",19,대한민국,Lim Dae-wung
6,외교관,The Diplomat,2개 시즌,48min,"드라마, 코미디, 스릴러",15,미국,
7,보르텍스,Vortex,1개 시즌,54min,"SF, 드라마, 범죄",19,프랑스,Slimane-Baptiste Berhoun
8,"미타라이 가, 불타다",Burn the House Down,1개 시즌,48min,"드라마, 스릴러",15,일본,
9,나쁜 엄마,,1개 시즌,1시간 9분,"드라마, 코미디",15,대한민국,
10,슬리핑 도그,Sleeping Dog,1개 시즌,52min,"스릴러, 범죄, 드라마",19,독일,
11,스카이 하이: 더 시리즈,Hasta el cielo: La serie,1개 시즌,44min,"드라마, 범죄, 액션, 스릴러",,스페인,
12,에린 & 에런,Erin & Aaron,1개 시즌,25min,"코미디, 드라마, 가족",ALL,미국,Boluwatife Samson
13,인선지인: 웨이브 메이커스,人選之人—造浪者,1개 시즌,50min,드라마,15,대만,Chun-Yang Lin
14,모래에도 꽃이 핀다,,1개 시즌,1시간 3분,"코미디, 드라마, 스릴러, 로맨스",15,대한민국,Kim Jin-woo
15,세 개의 비밀,Tríada,1개 시즌,43min,"드라마, 스릴러",,멕시코,
16,팍스 마르세유,Blood Coast,1개 시즌,53min,"스릴러, 액션, 범죄, 드라마",19,프랑스,"Ivan Fegyveres ,  Olivier Marchal"
17,버닝 바디,Burning Body,1개 시즌,49min,"범죄, 드라마, 스릴러",19,스페인,
18,리키시,サンクチュアリ -聖域-,1개 시즌,51min,"드라마, 스포츠",19,일본,Kan Eguchi
19,아날로그 스쿼드,Analog Squad ทีมรักนักหลอก,1개 시즌,1시간 0분,드라마,15,태국,Nithiwat Tharathorn
20,바라쿠다 퀸스,Barracuda Queens,1개 시즌,32min,"스릴러, 범죄, 드라마",19,스웨덴,
21,셰프 치코의 빈자리를 채워라,Replacing Chef Chico,1개 시즌,34min,"드라마, 로맨스",19,필리핀 제도,Dan Villegas
22,플루토,PLUTO,1개 시즌,1시간 2분,"SF, 스릴러, 범죄, 애니메이션, 드라마, 액션",15,일본,
23,캡틴 레이저호크: 블러드 드래곤 리믹스,Captain Laserhawk: A Blood Dragon Remix,2개 시즌,24min,"SF, 애니메이션, 액션, 코미디, 드라마, 판타지",19,"캐나다, 프랑스, 미국",
24,끝없는 밤,The Endless Night,1개 시즌,43min,"범죄, 드라마, 스릴러",15,브라질,"Julia Rezende ,  Carol Minêm"
25,우리가 볼 수 없는 모든 빛,All the Light We Cannot See,1개 시즌,57min,"드라마, 역사, 전쟁",19,미국,
26,"엑스오, 키티","XO, Kitty",2개 시즌,29min,"로맨스, 코미디, 드라마",15,미국,
27,크리미널 코드,DNA DO CRIME,1개 시즌,58min,"범죄, 액션, 드라마, 스릴러",19,브라질,
28,1670,,1개 시즌,32min,"코미디, 역사, 드라마",19,폴란드,
29,기적의 형제,,1개 시즌,1시간 5분,"스릴러, 드라마, SF, 코미디",15,대한민국,Park Chan-hong
30,토레,Tore,1개 시즌,32min,"코미디, 드라마",19,스웨덴,
31,리디아 포에트의 법,La legge di Lidia Poët,1개 시즌,42min,"드라마, 범죄, 전쟁, 역사",19,이탈리아,"Letizia Lamartire ,  Matteo Rovere"
32,언스테이블,Unstable,1개 시즌,24min,"코미디, 드라마",,미국,
33,챔피언의 비트,Champion,1개 시즌,45min,드라마,,"미국, 영국",
34,클래스,क्लास,1개 시즌,51min,"드라마, 범죄, 스릴러",19,인도,"Kabir Mehta ,  Ashim Ahluwalia"
35,백만 번 말할 걸 그랬어,100万回 言えばよかった,1개 시즌,46min,"드라마, SF, 판타지, 로맨스",15,일본,
36,아프리칸 퀸: 은징가,African Queens: Njinga,2개 시즌,47min,"다큐멘터리, 드라마, 역사",,"미국, 영국",
37,이두나!,,1개 시즌,28min,"드라마, 코미디, 로맨스",15,대한민국,
38,#노필터,#NoFilter,1개 시즌,34min,"코미디, 드라마",15,브라질,
39,사랑 중독자 클럽,Klub Kecanduan Mantan,1개 시즌,23min,"코미디, 드라마",12,인도네시아,"Bambang Kuntara Murti ,  Kuntz Agus"
40,에브리씽 나우,Everything Now,1개 시즌,47min,"코미디, 드라마",19,영국,
41,사이타마 호스트 클럽,Saitama Host Club,1개 시즌,20min,"코미디, 드라마",15,일본,"Akuya Sakagami ,  Juntaro Kobayashi"
42,소녀와 우주비행사,Dziewczyna i kosmonauta,1개 시즌,47min,"SF, 드라마, 로맨스",,폴란드,Bartosz Prokopowicz
43,보라! 데보라,,1개 시즌,1시간 8분,"코미디, 드라마",15,대한민국,"Seo Min-jung ,  Lee Tae-gon"
44,Selleobeuriti,Celebrity,1개 시즌,45min,"드라마, 스릴러",,대한민국,
45,Dakteo Cha Jeong Suk,Doctor Cha Jeong Suk,1개 시즌,1시간 2분,"드라마, 코미디",15,대한민국,
46,더 데이스,The Days,1개 시즌,55min,"드라마, 역사, 스릴러",15,"미국, 일본","Hideo Nakata ,  Masaki Nishiura"
47,보이지 않는 여자,Unseen,1개 시즌,45min,"범죄, 드라마, 스릴러",19,남아프리카공화국,
48,페리: 더 시리즈,Ferry: de serie,1개 시즌,45min,"범죄, 드라마, 스릴러",19,벨기에,"Nico Moolenaar ,  Eshref Reybrouck"
49,Neoui Sigan Sogeuro,A Time Called You,1개 시즌,1시간 0분,"SF, 드라마, 판타지, 로맨스",15,대한민국,
50,라나 나이두,Rana Naidu,2개 시즌,48min,"범죄, 드라마, 액션, 스릴러",,인도,Karan Anshuman
51,이번 생도 잘 부탁해,,1개 시즌,1시간 10분,"드라마, 코미디, 판타지, 로맨스",15,대한민국,Lee Na-jeong
52,관음증 그녀,Olhar Indiscreto,1개 시즌,39min,"드라마, 스릴러",19,브라질,Luciana Oliveira
53,퀸메이커,,1개 시즌,1시간 6분,드라마,15,대한민국,
54,칼레이도스코프,Kaleidoscope,1개 시즌,42min,"범죄, 드라마, 스릴러, 액션",,미국,
55,플러스 사이즈 그녀의 생존기,Survival of the Thickest,2개 시즌,27min,"코미디, 드라마",19,미국,
56,대리모,The Surrogacy,1개 시즌,38min,드라마,19,멕시코,
57,6식스티나인9 더 시리즈,6ixtynin9: The Series,1개 시즌,47min,"코미디, 범죄, 스릴러, 드라마",19,태국,Pen-Ek Ratanaruang
58,혼례대첩,,1개 시즌,1시간 2분,"코미디, 드라마, 역사, 로맨스",15,대한민국,"Hwang Seung-ki ,  Kim Soo-jin"
59,섄티 타운,Shanty Town,1개 시즌,40min,"범죄, 드라마, 스릴러, 액션",,나이지리아,Dimeji Ajibola
60,굿 나이트 월드,グッド・ナイト・ワールド,1개 시즌,25min,"애니메이션, SF, 코미디, 드라마, 판타지",15,일본,
61,"신성한, 이혼",,1개 시즌,1시간 7분,드라마,15,대한민국,
62,수부레테르나,Suburræterna,1개 시즌,45min,"드라마, 로맨스, 스릴러, 액션, 범죄",19,이탈리아,
63,너에게는 닿지 않아,君には届かない,1개 시즌,20min,"드라마, 로맨스",15,일본,"Masahide Izumi ,  Takayoshi Tanasawa ,  Masaki Hayashi"
64,앗! 크리스마스라니,Yoh! Christmas,1개 시즌,35min,"코미디, 로맨스, 드라마",15,남아프리카공화국,
65,장송의 프리렌,葬送のフリーレン,1개 시즌,25min,"액션, SF, 애니메이션, 드라마, 판타지",15,일본,
66,페인킬러,Painkiller,1개 시즌,48min,"범죄, 드라마",19,미국,
67,연애대전,,1개 시즌,54min,"드라마, 코미디, 로맨스",15,대한민국,
68,웰매니아: 리브의 건강찾기 프로젝트,Wellmania,1개 시즌,31min,"코미디, 드라마",19,호주,
69,타피,Class Act,1개 시즌,54min,"역사, 드라마",,프랑스,Tristan Séguéla
70,나의 해피엔드,,1개 시즌,1시간 5분,"스릴러, 드라마",15,대한민국,Jo Soo-won
71,사랑하는 아이,Liebes Kind,1개 시즌,48min,"드라마, 스릴러, 범죄",15,독일,"Isabel Kleefeld ,  Julian Pörksen"
72,종말에 대처하는 캐럴의 자세,Carol & The End of the World,1개 시즌,29min,"애니메이션, 코미디, 드라마, SF",19,"캐나다, 미국",
73,눈 떠보니 뱀파이어,I Woke Up a Vampire,2개 시즌,26min,"코미디, SF, 드라마, 가족, 판타지, 공포",12,캐나다,
74,너에게 닿기를,君に届け,1개 시즌,34min,"드라마, 코미디, 로맨스",12,일본,
75,옵세션,Obsession,1개 시즌,39min,"드라마, 로맨스, 스릴러",,"프랑스, 영국",
76,고려거란전쟁,,1개 시즌,53min,"드라마, 전쟁, 액션, 역사",15,대한민국,Jeon Woo-sung
77,High Tides,,1개 시즌,34min,드라마,,벨기에,
78,트랜스아틀란틱,Transatlantic,1개 시즌,50min,"전쟁, 드라마, 역사",,독일,"Mia Meyer ,  Stéphanie Chuat ,  Véronique Reymond"
79,프리리지,Freeridge,1개 시즌,28min,"드라마, 로맨스, 코미디, 스릴러",15,미국,
80,이혼 좀 합시다,離婚しようよ,1개 시즌,1시간 2분,"코미디, 드라마, 로맨스",12,일본,
81,이 연애는 불가항력,,1개 시즌,1시간 5분,"SF, 드라마, 판타지, 로맨스",15,대한민국,Nam Ki-hoon
82,더 너스,The Nurse,1개 시즌,48min,"스릴러, 범죄, 드라마",15,덴마크,Kasper Barfoed
83,특종,Scoop,1개 시즌,58min,"범죄, 드라마",15,인도,Hansal Mehta
84,추나,चूना,1개 시즌,42min,"코미디, 드라마, 범죄, 스릴러",15,인도,Pushpendra Nath Misra
85,턴 오브 타이드,Rabo de Peixe,1개 시즌,48min,드라마,19,포르투갈,
86,마당이 있는 집,,1개 시즌,1시간 2분,"드라마, 범죄, 스릴러",15,대한민국,Jung Jee-hyun
87,코펜하겐 카우보이,Copenhagen Cowboy,1개 시즌,52min,"드라마, 스릴러, 범죄",,덴마크,
88,정신병동에도 아침이 와요,,1개 시즌,1시간 5분,드라마,15,대한민국,JQ Lee
89,닥터 가르시아의 환자들,Los pacientes del doctor García,1개 시즌,56min,드라마,19,스페인,
90,익스체인지,الصفقة,1개 시즌,51min,드라마,,쿠웨이트,"Karim El Shenawy ,  Jassim Al-Muhanna"
91,행복배틀,,1개 시즌,1시간 0분,"드라마, 스릴러",15,대한민국,Kim Yun-cheol
92,가면의 여왕,,1개 시즌,1시간 12분,드라마,15,대한민국,
93,청담국제고등학교,,1개 시즌,35min,"스릴러, 드라마",15,대한민국,Min Ji-young
94,샤흐마란,Şahmaran,1개 시즌,51min,"액션, 로맨스, 스릴러, 드라마, 판타지",,터키,Umur Turagay
95,세상이 이래도 난 끄떡없어,Questo mondo non mi renderà cattivo,1개 시즌,30min,"코미디, 드라마, 애니메이션",,이탈리아,
96,Taekbaegisa,Black Knight,1개 시즌,48min,"SF, 액션, 드라마",15,대한민국,Cho Ui-seok
97,종이달,,1개 시즌,1시간 5분,드라마,19,대한민국,Yoo Jong-sun
98,후 이즈 에린?,Who Is Erin Carter?,1개 시즌,49min,"범죄, 스릴러, 액션, 드라마",15,"영국, 미국",
99,어른들의 거짓된 삶,The Lying Life of Adults,1개 시즌,50min,드라마,,이탈리아,
100,마이데몬,,1개 시즌,1시간 6분,"SF, 코미디, 드라마, 판타지, 로맨스",15,대한민국,
101,무인도의 디바,,1개 시즌,1시간 14분,"코미디, 드라마",15,대한민국,Oh Choong-hwan
102,웰컴투 삼달리,,1개 시즌,1시간 10분,드라마,15,대한민국,
103,후 이즈 에린?,Who Is Erin Carter?,1개 시즌,49min,"범죄, 스릴러, 액션, 드라마",15,"영국, 미국",
104,힘쎈여자 강남순,,1개 시즌,1시간 10분,"SF, 범죄, 코미디, 드라마, 액션, 판타지, 로맨스",15,대한민국,"Lee Kyung-shik ,  Kim Jung-sik"
105,음양사,陰陽師,1개 시즌,26min,"스릴러, 애니메이션, 드라마, SF, 판타지, 역사, 액션",19,일본,
106,투투장부주:  너를 좋아해,偷偷藏不住,1개 시즌,45min,드라마,12,China,Li Qingrong
107,풋내기들의 시간,Absolutni debiutanci,1개 시즌,46min,"드라마, 로맨스",19,폴란드,
108,Taekbaegisa,Black Knight,1개 시즌,47min,"SF, 액션, 드라마",15,대한민국,Cho Ui-seok
109,종이달,,1개 시즌,1시간 5분,드라마,19,대한민국,Yoo Jong-sun
110,인생은 오답노트,Miseducation,1개 시즌,40min,"로맨스, 코미디, 드라마",19,남아프리카공화국,
111,베를린,Berlín,1개 시즌,48min,"드라마, 액션, 범죄, 스릴러",19,스페인,
112,트라이얼 바이 파이어,Trial by Fire,1개 시즌,46min,"역사, 스릴러, 범죄, 드라마",15,인도,"Avani Deshpande ,  Randeep Jha ,  Prashant Nair"
113,Vivant,VIVANT,1개 시즌,1시간 0분,드라마,15,일본,Katsuo Fukuzawa
114,다크 개더링,Dark Gathering,1개 시즌,23min,"애니메이션, 판타지, 공포, 코미디, 드라마",19,일본,
115,Maseukeugeol,Mask Girl,1개 시즌,59min,"드라마, 스릴러, 코미디, 범죄",,대한민국,Kim Yong-hoon
116,어셔가의 몰락,The Fall of the House of Usher,1개 시즌,1시간 2분,"공포, 드라마",19,미국,
117,코흐라,कोहरा,1개 시즌,48min,"드라마, 범죄, 스릴러",,인도,Randeep Jha
118,Kingdeoraendeu,King the Land,1개 시즌,1시간 11분,"드라마, 로맨스, 코미디",15,대한민국,
119,바디스,Bodies,1개 시즌,57min,"스릴러, SF, 드라마, 범죄, 역사",19,영국,
120,차시차각,此時此刻,1개 시즌,1시간 0분,"드라마, 로맨스",19,대만,
121,나이트 에이전트,The Night Agent,2개 시즌,49min,"액션, 드라마, 스릴러",19,미국,
122,댄싱 브라더스,Dance Brothers,1개 시즌,22min,드라마,19,핀란드,
123,더 테일러,Terzi,3개 시즌,40min,"스릴러, 드라마",15,터키,
124,인포마,インフォーマ,1개 시즌,24min,"드라마, 스릴러",,일본,Hirokawa Hayashida
125,"이쪽을 봐줘, 무카이군",こっち向いてよ向井くん,1개 시즌,51min,"코미디, 드라마",12,일본,"Shigeyama Yoshinori ,  Shôgo Kusano"
126,뮤트,El silencio,1개 시즌,47min,"드라마, 스릴러, 범죄",19,스페인,
127,딜리트,Delete,1개 시즌,46min,"드라마, 공포, 로맨스, 스릴러",15,태국,Parkpoom Wongpoom
128,거의 평범한 가족,En helt vanlig familj,1개 시즌,45min,"범죄, 드라마, 스릴러",19,스웨덴,
129,Cigarette Girl,,1개 시즌,1시간 5분,"로맨스, 드라마, 역사",,인도네시아,
130,일타 스캔들,,1개 시즌,1시간 13분,"코미디, 드라마, 로맨스",15,대한민국,
131,나의 행복한 결혼,My Happy Marriage,1개 시즌,23min,"드라마, 판타지, 역사, 로맨스, 애니메이션, SF",15,일본,
132,우리가 사랑에 빠졌던 모든 시간,In Love All Over Again,1개 시즌,45min,"코미디, 드라마, 로맨스",,스페인,
133,인퍼미,Infamia,1개 시즌,48min,드라마,,폴란드,
134,국민사형투표,,1개 시즌,1시간 12분,"드라마, 스릴러, 범죄",15,대한민국,Park Shin-woo
135,가짜 프로필,Fake Profile,1개 시즌,38min,"드라마, 로맨스, 스릴러",,콜롬비아,
136,스컬 아일랜드,Skull Island,1개 시즌,23min,"애니메이션, 액션, SF, 드라마, 로맨스",15,미국,
137,록우드 심령 회사,Lockwood & Co.,1개 시즌,43min,"드라마, 판타지, 공포, 스릴러, 액션, SF",15,영국,
138,다크 워터,Kaala Paani,2개 시즌,1시간 2분,"드라마, 스릴러",15,인도,"Amit Golani ,  Sameer Saxena"
139,"더 레일웨이 맨: 1984년 보팔, 아무도 몰랐던 이야기",द रेलवे मेन - भोपाल की अनकही कहानी 1984,1개 시즌,59min,"드라마, 역사, 스릴러",15,인도,Shiv Rawail
140,퍼펙트 스토리,A Perfect Story,1개 시즌,44min,"드라마, 로맨스, 코미디",,스페인,
141,너는 나의 처음,Eva Lasting,2개 시즌,42min,"드라마, 로맨스",19,콜롬비아,
142,진짜가 나타났다!,,1개 시즌,1시간 8분,"드라마, 가족, 로맨스",15,대한민국,Han Joon-seo
143,트릴리온 게임,Trillion Game,1개 시즌,46min,"드라마, 애니메이션",15,일본,"Kenta Tanaka ,  Kentarō Takemura ,  Murao Yoshiaki"
144,페르마의 요리,フェルマーの料理,1개 시즌,50min,드라마,12,일본,
145,위기의 명절,جايبة العيد,1개 시즌,47min,"코미디, 드라마",12,사우디아라비아,"Said Zagha ,  Ali Alattas"
146,선택된 자,El elegido,1개 시즌,43min,"드라마, SF, 액션, 판타지",19,멕시코,
147,푸른 눈의 사무라이,Blue Eye Samurai,2개 시즌,47min,"드라마, 역사, 스릴러, 애니메이션, 액션",19,미국,
148,볼륨,Volume,1개 시즌,40min,"드라마, 음악",,케냐,
149,마이코네 행복한 밥상,The Makanai: Cooking for the Maiko House,1개 시즌,43min,"코미디, 드라마",12,일본,"Hirokazu Kore-eda ,  Megumi Tsuno ,  Hiroshi Okuyama ,  Takuma Sato"
150,스노우 걸,The Snow Girl,2개 시즌,45min,"스릴러, 범죄, 드라마",15,스페인,
151,90년대쇼,That '90s Show,1개 시즌,23min,"코미디, 드라마, 로맨스",,미국,
152,샬럿 왕비: 브리저튼 외전,Queen Charlotte: A Bridgerton Story,1개 시즌,1시간 3분,"드라마, 역사, 로맨스",19,미국,
153,어느 날 월터 형제들과 살게 됐다,My Life with the Walter Boys,2개 시즌,45min,"드라마, 로맨스",15,"영국, 미국",
154,러프 다이아몬드,Rough Diamonds,1개 시즌,51min,"드라마, 스릴러, 범죄",15,벨기에,
155,"엄마, 우린 누구로부터 도망쳤던 건가요?",Biz Kimden Kaçıyorduk Anne?,1개 시즌,41min,"범죄, 스릴러, 드라마",,터키,
156,도적: 칼의 소리,,1개 시즌,57min,"액션, 드라마, 역사, 서부",19,대한민국,"Han Jin-sun ,  Hwang Jun-hyeok"
157,피드백,Feedback,1개 시즌,50min,"범죄, 드라마",19,폴란드,Leszek Dawid
158,플로리다 맨,Florida Man,1개 시즌,45min,"스릴러, 코미디, 드라마, 범죄",,미국,"Miguel Arteta ,  Haifaa al-Mansour ,  Julian Farino ,  Clark Gregg"
159,초토화,Obliterated,1개 시즌,51min,"드라마, 코미디, 액션",19,미국,
160,Gyeongseong Keuricheo,Gyeongseong Creature,2개 시즌,1시간 9분,"역사, 공포, 스릴러, 액션, 드라마",,대한민국,
161,최애의 아이,【推しの子】,1개 시즌,29min,"애니메이션, 드라마, 스릴러, 판타지, 음악",15,일본,
162,대행사,,1개 시즌,1시간 5분,드라마,15,대한민국,
163,글래머러스,Glamorous,1개 시즌,44min,"드라마, 코미디",19,미국,
164,원피스,ONE PIECE,2개 시즌,56min,"액션, SF, 드라마, 판타지, 코미디",15,미국,
165,남과여,,1개 시즌,52min,드라마,15,대한민국,"Park Sang-min ,  Lee Yoo Yeon"
166,옥골요,The Longest Promise,1개 시즌,45min,"판타지, 로맨스, 드라마, SF",12,China,Jiang Jia Jun
167,완벽한 결혼의 정석,,1개 시즌,1시간 1분,"드라마, 판타지, 로맨스",15,대한민국,Oh Sang-won
168,연애를 허하라,恋愛のすゝめ,1개 시즌,20min,"코미디, 드라마, 로맨스",15+,일본,Ayato Matsuda
169,치명적 유혹,Fatal Seduction,1개 시즌,30min,"범죄, 드라마, 스릴러",19,남아프리카공화국,
170,퀸 클레오파트라,Queen Cleopatra,1개 시즌,45min,"다큐멘터리, 드라마",15,영국,Tina Gharavi
171,오오쿠,Ooku: The Inner Chambers,1개 시즌,49min,"애니메이션, 드라마, 판타지, 역사, 로맨스",19,일본,
172,전쟁과 선원,Krigsseileren,1개 시즌,59min,"드라마, 전쟁",,노르웨이,
173,약사의 혼잣말,薬屋のひとりごと,1개 시즌,23min,"애니메이션, 드라마, 스릴러, 역사, 로맨스",12,일본,
174,이토 준지: 매니악,Junji Ito Maniac: Japanese Tales of the Macabre,1개 시즌,25min,"애니메이션, 드라마, 공포, 스릴러",19,일본,
175,사냥개들,,1개 시즌,1시간 1분,"드라마, 범죄, 액션, 스릴러, 스포츠",19,대한민국,Kim Joo-hwan
176,메이크 마이 데이,Make My Day,1개 시즌,26min,"드라마, SF, 애니메이션",15,일본,
177,카피캣 킬러,Copycat Killer,1개 시즌,59min,"범죄, 드라마, 스릴러",,대만,"Chang Jung-Chi ,  Henri Chang"
178,"펜딩 트레인 ―8시 23분, 내일 너와",ペンディングトレイン―8時23分、明日 君と,1개 시즌,46min,"스릴러, 드라마",15,일본,"Naoki Katō ,  Okamoto Shingo ,  Kenta Tanaka"
179,트라이건 스탬피드,TRIGUN STAMPEDE,1개 시즌,24min,"애니메이션, 액션, SF, 코미디, 드라마",19,일본,
180,몰디브,Maldivas,1개 시즌,36min,"코미디, 범죄, 드라마",19,브라질,José Alvarenga Jr.
181,예감,Pálpito,2개 시즌,45min,"스릴러, 드라마",,콜롬비아,
182,No Regrets In Life,愛情發生在三天後,1개 시즌,1시간 14분,"드라마, 로맨스",,대만,Feng Kai
183,자정 클럽,The Midnight Club,1개 시즌,54min,"드라마, 스릴러, 공포",15,미국,
184,인사이드 맨,Inside Man,1개 시즌,59min,"범죄, 스릴러, 드라마",,영국,
185,애나 만들기,Inventing Anna,1개 시즌,1시간 8분,드라마,19,미국,
186,죽을 만큼 아픈,เจ็บเจียนตาย,1개 시즌,50min,"드라마, 다큐멘터리, 스포츠",,태국,Kittichai Wanprasert
187,스탠딩 업,Drôle,1개 시즌,47min,"드라마, 코미디",,프랑스,
188,기동전사 건담: 수성의 마녀,機動戦士ガンダム 水星の魔女,1개 시즌,24min,"액션, 드라마, 전쟁, 애니메이션, SF, 로맨스",15,일본,Hiroshi Kobayashi
189,연예인 매니저로 살아남기,,1개 시즌,1시간 5분,"드라마, 코미디",15,대한민국,
190,복면 D,覆面D,1개 시즌,50min,드라마,15,일본,
191,신성한 가족,Sagrada familia,2개 시즌,39min,드라마,19,스페인,
192,여름의 비밀,Cielo grande,2개 시즌,32min,"드라마, 가족",12,Arjantin,Jorge Edelstein
193,아무것도 하고 싶지 않아,,1개 시즌,47min,"드라마, 로맨스",15,대한민국,"Hong Moon-Pyo ,  Lee Yoon-jung"
194,글리터,Brokat,1개 시즌,32min,드라마,19,폴란드,"Rafal Skalski ,  Marek Lechki ,  Anna Kazejak ,  Julia Kolberger"
195,1899,,1개 시즌,53min,"드라마, 공포, SF",19,독일,
196,얼어죽을 연애따위,,1개 시즌,1시간 2분,"드라마, 코미디, 로맨스",15,대한민국,Choi Gyu-sik
197,토크 서바이벌: 토크가 재밌어야 살아남는 드라마,トークサバイバー！,2개 시즌,39min,"드라마, 코미디, 스릴러, Reality TV, 범죄",,일본,
198,겟 이븐: 우리는 치어 스쿼드,Rebel Cheer Squad: A Get Even Series,1개 시즌,29min,"드라마, 가족, 스릴러",12,영국,
199,저스티스 서브드,Justice Served,1개 시즌,42min,"액션, 범죄, 드라마, 스릴러",,남아프리카공화국,
200,The Cage,القفص,1개 시즌,37min,"드라마, 코미디, 로맨스",,쿠웨이트,
201,Les papillons noirs,,1개 시즌,54min,"범죄, 드라마, 스릴러",,프랑스,Olivier Abbou
202,안나라수마나라,,1개 시즌,1시간 9분,"SF, 드라마, 판타지, 음악",12,대한민국,Kim Seong-yoon
203,체조 아카데미: 두 번째 기회,Gymnastics Academy: A Second Chance!,1개 시즌,26min,"드라마, 가족, 스포츠",,호주,
204,어쩌다 전원일기,,1개 시즌,36min,"드라마, 코미디, 로맨스",12,대한민국,Kwon Seok-jang
205,"엄마, 농담은 그만!",媽，別鬧了！,1개 시즌,54min,"코미디, 드라마, 로맨스",15,대만,"Chun-Hong Lee ,  Chen Wei-Ling"
206,언어부,嫣语赋,1개 시즌,46min,"스릴러, 드라마",15+,China,Ding Ying Zhou
207,태국 동굴 구조작전,ถ้ำหลวง: ภารกิจแห่งความหวัง,1개 시즌,1시간 2분,"드라마, 스릴러",12,태국,
208,너의 꽃이 될래,君の花になる,1개 시즌,48min,"드라마, 코미디",12,일본,
209,바이오하자드: 더 시리즈,Resident Evil,1개 시즌,51min,"SF, 드라마, 공포, 스릴러, 액션",19,미국,
210,퍼스트 킬,First Kill,1개 시즌,49min,"드라마, 로맨스, 공포",15,미국,
211,모범가족,,1개 시즌,45min,"드라마, 범죄, 스릴러",19,대한민국,Kim Jin-woo
212,크리스마스 스톰,Julestorm,1개 시즌,34min,"드라마, 코미디",12,노르웨이,Per-Olav Sørensen
213,코타로는 1인 가구,コタローは1人暮らし,1개 시즌,27min,"애니메이션, 드라마, 코미디",12,일본,
214,너의 조각들,PIECES OF HER,1개 시즌,51min,"스릴러, 드라마, 범죄",19,미국,Minkie Spiro
215,컨트리 퀸,Country Queen,1개 시즌,1시간 0분,드라마,15,케냐,
216,링컨 차를 타는 변호사,The Lincoln Lawyer,3개 시즌,49min,"범죄, 드라마, 스릴러",15,미국,
217,썸바디,,1개 시즌,55min,드라마,19,대한민국,Jung Ji-woo
218,배드 가이즈,Bad Guys ล่าล้างเมือง,1개 시즌,1시간 1분,드라마,19,태국,Piyapan Choopetch
219,신문기자,新聞記者,1개 시즌,51min,"드라마, 스릴러",15,일본,Michihito Fujii
220,피와 섹스 그리고 왕실,"Blood, Sex & Royalty",1개 시즌,46min,"드라마, 역사",15,영국,
221,페델타,"Devotion, a Story of Love and Desire",1개 시즌,40min,"드라마, 로맨스",,이탈리아,"Stefano Cipani ,  Andrea Molaioli"
222,외모지상주의,,1개 시즌,25min,"코미디, 드라마, 애니메이션, 액션, 로맨스",15,대한민국,
223,작은 아씨들,,1개 시즌,1시간 14분,"드라마, 스릴러, 액션",15,대한민국,Kim Hee-won
224,퍼펙트 마더,Une mère parfaite,1개 시즌,1시간 10분,"범죄, 드라마, 스릴러",,프랑스,
225,아나토미 오브 스캔들,Anatomy of a Scandal,1개 시즌,45min,"스릴러, 드라마",,"미국, 영국",
226,그린마더스클럽,Green Mother Club,1개 시즌,1시간 10분,"드라마, 스릴러",15,대한민국,La Ha-na
227,플레이리스트,The Playlist,1개 시즌,45min,"드라마, 음악",15,스웨덴,
228,하트스토퍼,Heartstopper,3개 시즌,31min,"드라마, 로맨스",15,영국,
229,탐정 벨라스코아란,Belascoarán,1개 시즌,1시간 16분,"범죄, 드라마, 스릴러",,멕시코,
230,El Secreto de la Familia Greco,,1개 시즌,47min,"드라마, 범죄",19,멕시코,
231,다시 열다섯,Back to 15,3개 시즌,39min,"코미디, 드라마",15,브라질,
232,모 이야기,Mo,1개 시즌,26min,"드라마, 코미디",19,미국,
233,블랙의 신부,블랙의신부,1개 시즌,1시간 2분,드라마,15,대한민국,Kim Jung-min
234,카케구루이 트윈,賭ケグルイ双,1개 시즌,27min,"드라마, 스릴러, 애니메이션",19,일본,
235,어둠 속의 42일,42 días en la oscuridad,1개 시즌,46min,"드라마, 스릴러, 범죄",15,칠레,
236,새비지 리듬,Ritmo salvaje,1개 시즌,38min,"드라마, 음악",,콜롬비아,"Rafa Martínez ,  Andres Beltran"
237,반항아들,Rebelde,2개 시즌,40min,"코미디, 드라마, 음악, 로맨스",19,멕시코,
238,주벽 50,酒癖50,1개 시즌,38min,드라마,,일본,
239,바이킹스: 발할라,Vikings: Valhalla,3개 시즌,50min,"액션, 드라마, 전쟁, 역사, 로맨스",19,미국,
240,여생 청다지교: 사랑의 서약,余生，请多指教,1개 시즌,46min,"드라마, 로맨스, 가족, 음악",15,China,Lu Ying
241,더티 라인,Dirty Lines,1개 시즌,46min,"드라마, 역사",19,네덜란드,
242,인티머시,Intimacy,1개 시즌,48min,"드라마, 범죄, 스릴러",,스페인,
243,창란결,苍兰诀,1개 시즌,44min,"드라마, SF, 코미디, 판타지, 로맨스",15+,China,Zheng Yi
244,샌드맨,The Sandman,2개 시즌,48min,"드라마, 판타지, 공포, SF",,"영국, 미국",
245,Red Rose,,1개 시즌,45min,"스릴러, 드라마, 공포",15,영국,
246,지금 우리 학교는,,2개 시즌,1시간 1분,"액션, SF, 스릴러, 드라마, 판타지, 공포",19,대한민국,
247,Hot Skull,,1개 시즌,1시간 2분,"SF, 스릴러, 드라마",,터키,"Umur Turagay ,  Mert Baykal"
248,라스트 버스,The Last Bus,1개 시즌,35min,"SF, 가족, 코미디, 드라마, 판타지",ALL,영국,
249,멈춘 남자,Andropoz,1개 시즌,45min,"드라마, 가족, 코미디",,터키,Yağmur Taylan
250,클레오,Kleo,2개 시즌,50min,"액션, 범죄, 드라마, 스릴러, 코미디",,독일,
251,디 익셉션,exception,1개 시즌,30min,"SF, 스릴러, 애니메이션, 드라마, 공포",15,일본,
252,에코,Echoes,1개 시즌,47min,"드라마, 스릴러",,호주,
253,Las de la última fila,The Girls at the Back,1개 시즌,43min,"코미디, 드라마",,스페인,Daniel Sánchez Arévalo
254,위살 패밀리,Uysallar,1개 시즌,51min,"드라마, 코미디",,터키,Onur Saylak
255,페리아: 가장 어두운 빛,Feria: La luz más oscura,1개 시즌,50min,"SF, 범죄, 드라마, 판타지, 공포, 스릴러",,스페인,"Jorge Dorado ,  Carles Torrens"
256,매버릭스,MaveriX,1개 시즌,23min,"가족, 스포츠, 드라마, 액션, 코미디",,호주,
257,투 서머스,Twee Zomers,1개 시즌,44min,"스릴러, 드라마",,벨기에,"Tom Lenaerts ,  Brecht Vanhoenacker"
258,"서른, 아홉",,1개 시즌,1시간 13분,"드라마, 로맨스",15,대한민국,
259,더 글로리,,1개 시즌,53min,"드라마, 스릴러",19,대한민국,An Gil-ho
260,사내맞선,,1개 시즌,1시간 1분,"코미디, 드라마, 로맨스",15,대한민국,
261,클리닝 업,,1개 시즌,1시간 6분,"코미디, 범죄, 드라마",15,대한민국,Yun Seong-sik
262,알마,Alma,2개 시즌,47min,"드라마, 스릴러, 공포",,스페인,
263,레아의 7개 인생,Les 7 Vies de Léa,1개 시즌,45min,"드라마, 스릴러, 판타지, 범죄",19,프랑스,"Julien Despaux ,  Émilie Noblet"
264,아이 헤이트 크리스마스,Odio il Natale,2개 시즌,32min,"드라마, 코미디, 로맨스",19,이탈리아,
265,온리 포 러브,Só Se For Por Amor,1개 시즌,1시간 4분,드라마,,브라질,
266,굿잡,,1개 시즌,1시간 3분,드라마,15,대한민국,Kang Min-koo
267,숨 쉬어라,Keep Breathing,1개 시즌,35min,"액션, 드라마, 스릴러",,미국,"Maggie Kiley ,  Rebecca Rodriguez"
268,라우흐하머: 탄광 마을 살인 사건,Lauchhammer - Tod in der Lausitz,1개 시즌,45min,"범죄, 드라마",,독일,Till Franzen
269,서바이빙 서머,Surviving Summer,2개 시즌,28min,"드라마, 가족",12,호주,
270,러브 온 더 스펙트럼: 미국,Love on the Spectrum U.S.,2개 시즌,42min,"다큐멘터리, Reality TV, 드라마, 로맨스, 코미디",12,미국,
271,Jingkeuseuui Yeonin,Jinxed at First,1개 시즌,1시간 2분,"로맨스, 코미디, 판타지, 드라마, 스릴러",15,대한민국,Yoon Sang-ho
272,Entrapped,,1개 시즌,34min,"드라마, 스릴러, 범죄",,아이슬란드,
273,뤼딕,Ludik,1개 시즌,58min,"드라마, 범죄",19,남아프리카공화국,
274,베이비 피버,Skruk,1개 시즌,31min,"드라마, 로맨스, 코미디",19,덴마크,
275,프롬 스크래치,From Scratch,1개 시즌,54min,"드라마, 로맨스",15,미국,Nzingha Stewart
276,우먼 오브 더 데드,Totenfrau,1개 시즌,46min,"드라마, 범죄, 스릴러",,오스트리아,Nicolai Rohde
277,위쳐: 블러드 오리진,The Witcher: Blood Origin,1개 시즌,51min,"SF, 액션, 드라마, 판타지",,미국,
278,차시천하,且试天下,1개 시즌,43min,"드라마, 판타지, 로맨스, 액션",12+,China,Yin Tao
279,리락쿠마의 테마파크 어드벤처,Rilakkuma's Theme Park Adventure,1개 시즌,17min,"애니메이션, 코미디, 드라마, 가족, 액션",,일본,
280,1번 국도를 달려라,Dead End,1개 시즌,28min,"코미디, 범죄, 드라마, 스릴러",,폴란드,
281,나의 해방일지,,1개 시즌,1시간 8분,"드라마, 로맨스",15,대한민국,Kim Sok-yun
282,재벌집 막내아들,,1개 시즌,1시간 12분,"드라마, SF, 로맨스, 판타지",15,대한민국,"Kim Sang-ho ,  Jung Dae-yoon"
283,잃어버린 올라를 찾아서,البحث عن علا,1개 시즌,53min,"코미디, 드라마",12,이집트,Hadi El Bagoury
284,Donde Hubo Fuego,High Heat,1개 시즌,38min,"드라마, 액션",,멕시코,
285,영매탐정 조즈카 히스이,霊媒探偵・城塚翡翠,1개 시즌,45min,"드라마, 범죄, 스릴러",15,일본,
286,이상한 변호사 우영우,,1개 시즌,1시간 11분,드라마,15,대한민국,
287,더 롱기스트 나이트,The Longest Night,1개 시즌,45min,"범죄, 드라마, 스릴러, 액션",,스페인,Óscar Pedraza
288,홀드 타이트,Hold Tight,1개 시즌,47min,"범죄, 드라마, 스릴러",,폴란드,
289,크라쿠프의 괴물들,Krakowskie potwory,1개 시즌,52min,"SF, 드라마, 판타지, 공포, 스릴러",,폴란드,
290,미남당,,1개 시즌,1시간 3분,"드라마, 스릴러, 코미디, 범죄",15,대한민국,"Yoon Ra-young ,  Ko Jae-hyun"
291,프롬 더 콜드,In from the Cold,1개 시즌,49min,"범죄, 드라마, SF, 스릴러, 액션",,미국,
292,황후 엘리자베트,Die Kaiserin,2개 시즌,56min,"드라마, 로맨스, 역사",19,독일,
293,모두가 구원을 바란다,Everything Calls for Salvation,2개 시즌,46min,"코미디, 드라마",19,이탈리아,
294,다머,Dahmer – Monster: The Jeffrey Dahmer Story,1개 시즌,53min,"범죄, 드라마, 스릴러",19,미국,
295,수리남,,1개 시즌,1시간 3분,"범죄, 드라마, 액션, 스릴러",19,대한민국,Yoon Jong-bin
296,Love Class,,2개 시즌,24min,"로맨스, 드라마",15,대한민국,
297,새비지 뷰티,Savage Beauty,1개 시즌,51min,드라마,,미국,
298,퍼스트 러브 하츠코이,First Love 初恋,1개 시즌,54min,"드라마, 로맨스",,일본,
299,카키: 비하르 챕터,Khakee: The Bihar Chapter,1개 시즌,51min,"드라마, 액션, 범죄",,인도,Bhav Dhulia
300,수리남,,1개 시즌,1시간 3분,"범죄, 드라마, 액션, 스릴러",19,대한민국,Yoon Jong-bin
301,다머,Dahmer – Monster: The Jeffrey Dahmer Story,1개 시즌,53min,"범죄, 드라마, 스릴러",19,미국,
302,모두가 구원을 바란다,Everything Calls for Salvation,2개 시즌,46min,"코미디, 드라마",19,이탈리아,
303,하트브레이크 하이,Heartbreak High,2개 시즌,51min,"드라마, 로맨스",19,호주,"Neil Sharma ,  Jessie Oldfield ,  Adam Murfet ,  Gracie Otto"
304,슈룹,,1개 시즌,1시간 7분,"드라마, 코미디",15,대한민국,Kim Hyung-sik
305,프롬 더 콜드,In from the Cold,1개 시즌,49min,"범죄, 드라마, SF, 스릴러, 액션",,미국,
306,집에서 가장 먼 곳으로,Far from Home,1개 시즌,43min,드라마,19,나이지리아,
307,퍼스트 러브 하츠코이,First Love 初恋,1개 시즌,54min,"드라마, 로맨스",,일본,
308,카키: 비하르 챕터,Khakee: The Bihar Chapter,1개 시즌,51min,"드라마, 액션, 범죄",,인도,Bhav Dhulia
309,욕망의 새,Kus uçusu,3개 시즌,48min,드라마,19,터키,
310,사랑의 이해,,1개 시즌,1시간 15분,"드라마, 로맨스",15,대한민국,Cho Young-min
311,네가 빠진 세계,,1개 시즌,26min,"드라마, 판타지, 로맨스",7,대한민국,"Kim Bo Ra ,  Son Ye-eun"
312,뢰렌스코그 실종 사건,Forsvinningen - Lørenskog 31. oktober 2018,1개 시즌,51min,"범죄, 드라마, 다큐멘터리",15,노르웨이,
313,"사랑, 인생, 그리고 그 사이의 모든 것",في الحب... والحياة,1개 시즌,27min,"드라마, 코미디, 로맨스",12,"사우디아라비아, 튀니지, 이집트, 모로코, 레바논",
314,노트르담,"Notre-Dame, la part du feu",1개 시즌,49min,드라마,19,프랑스,Hervé Hadmar
315,아카이브 81,Archive 81,1개 시즌,54min,"드라마, SF, 스릴러, 공포",19,미국,
316,명탐정 코난: 제로의 일상,名探偵コナン ゼロの日常,1개 시즌,14min,"애니메이션, 드라마, 스릴러, 코미디, 범죄",12,일본,
317,파트너 트랙,Partner Track,1개 시즌,59min,드라마,19,미국,
318,"비르기트: 왕국, 권력, 영광","Borgen - Riget, Magten og Æren",4개 시즌,58min,"전쟁, 드라마, Made in Europe",15,덴마크,
319,그 비스크 돌은 사랑을 한다,その着せ替え人形は恋をする,1개 시즌,24min,"드라마, 애니메이션, 코미디, 로맨스",19,일본,
320,초즌,Chosen,1개 시즌,44min,"SF, 드라마, 스릴러, 범죄",15,덴마크,
321,퀸,Queen,1개 시즌,49min,드라마,15,폴란드,Łukasz Kośmicki
322,군검사 도베르만,,1개 시즌,1시간 5분,"드라마, 액션",15,대한민국,Jin Chang-kyu
323,글리치,,1개 시즌,54min,"드라마, 코미디, 스릴러, SF",15,대한민국,Roh Deok
324,가족의 비밀,Family Secrets,1개 시즌,45min,"코미디, 드라마, 로맨스",,폴란드,Łukasz Ostalski
325,Sing Again,รักอีกครั้ง,1개 시즌,52min,드라마,15+,태국,Chainarong Tampong
326,악몽의 룸메이트,Worst Roommate Ever,1개 시즌,47min,"범죄, 다큐멘터리, 드라마, 스릴러",,미국,Domini Hofmann
327,Maestro,,2개 시즌,52min,"범죄, 드라마",,그리스,Christoforos Papakaliatis
328,기상청 사람들: 사내연애 잔혹사 편,,1개 시즌,1시간 8분,"드라마, 로맨스",15,대한민국,
329,결혼백서,,1개 시즌,38min,"드라마, 로맨스",15,대한민국,Seo Joo-wan
330,로스트 올리,Lost Ollie,1개 시즌,46min,"애니메이션, 가족, 드라마, 판타지",15,미국,
331,CAT,,1개 시즌,45min,"드라마, 범죄",19,인도,Balwinder Singh Janjua
332,또 다른 나,Zeytin Ağacı,2개 시즌,53min,"드라마, 로맨스",19,터키,
333,타임 허슬러,Time Hustler,1개 시즌,35min,"코미디, SF, 서부, 드라마",15,브라질,
334,히야마 켄타로의 임신,ヒヤマケンタロウの妊娠,1개 시즌,26min,"코미디, 드라마, 판타지, 로맨스",12,일본,"Takeo Kikuchi ,  Yuko Hakoda"
335,하이 워터,Wielka woda,1개 시즌,43min,드라마,15,폴란드,Jan Holoubek
336,기예르모 델토로의 호기심의 방,Guillermo del Toro's Cabinet of Curiosities,1개 시즌,56min,"드라마, 스릴러, 공포",19,미국,
337,내일,,1개 시즌,1시간 1분,"액션, 드라마, SF, 판타지, 코미디",15,대한민국,Kim Tae-yun
338,킹 오브 스통크,King of Stonks,1개 시즌,47min,"드라마, 스릴러, 코미디, 범죄",,독일,
339,데빌 인 오하이오,Devil in Ohio,1개 시즌,43min,"범죄, 드라마, 스릴러, 공포",15,미국,
340,경경일상,卿卿日常,1개 시즌,46min,"드라마, 코미디",15,China,Qichen Zhao
341,마이,माई,1개 시즌,48min,드라마,,인도,"Anshai Lal ,  Atul Mongia"
342,페라 팔라스의 밤,Pera Palas’ta Gece Yarısı,1개 시즌,44min,"드라마, 역사",15,터키,Emre Şahin
343,산토,Santo,1개 시즌,45min,"범죄, 드라마, 스릴러, 액션",,스페인,
344,웰컴 투 에덴,Welcome to Eden,2개 시즌,42min,"스릴러, 액션, 드라마, SF",,스페인,
345,스물다섯 스물하나,,1개 시즌,1시간 17분,"드라마, 로맨스",15,대한민국,
346,만약에 말야,Si lo hubiera sabido,1개 시즌,35min,"코미디, SF, 드라마",15,스페인,"Liliana Bocanegra ,  Alejandro Bazzano ,  Sasha Politoff ,  Humberto Miró"
347,The Recruit,,2개 시즌,55min,"액션, 범죄, 드라마, 스릴러",,미국,
348,블러드 시스터스,Blood Sisters,1개 시즌,57min,"범죄, 드라마, 스릴러",,"나이지리아, 미국",
349,구필수는 없다,,1개 시즌,1시간 6분,"코미디, 드라마",15,대한민국,Choi Do-hoon
350,다2어리,DI4RI,2개 시즌,29min,"가족, 드라마, 로맨스, 코미디",12,이탈리아,
351,빨간풍선,,1개 시즌,1시간 16분,"가족, 드라마, 코미디",15,대한민국,Jin Hyung-wook
352,그녀와 그녀의 그녀,她和她的她,1개 시즌,47min,"드라마, 스릴러, 범죄",19,대만,Cho Li
353,붉은 꽃 농장,Trại Hoa Đỏ,2개 시즌,1시간 9분,"범죄, 액션, 드라마, 스릴러",15,WEBAPP_COUNTRY_VN,Victor Vũ
354,유령인데 어쩌라고,"Boo, Bitch",1개 시즌,25min,"코미디, SF, 드라마, 판타지",,미국,
355,레 콩바탕트: 그녀들의 전쟁,Les Combattantes,1개 시즌,52min,"드라마, 전쟁",,프랑스,
356,금붕어 아내,金魚妻,1개 시즌,43min,"드라마, 로맨스",19,일본,"Michiko Namiki ,  Hiroaki Matsuyama ,  Rei Narakino"
357,땅의 상속자들,Heirs to the Land,1개 시즌,54min,드라마,,스페인,
358,종이의 집: 공동경제구역,,2개 시즌,1시간 10분,"범죄, 액션, 드라마, 스릴러",19,대한민국,
359,어교기,与君初相识,2개 시즌,46min,"드라마, 판타지, 로맨스",15+,China,Gu Zhi Wei
360,Treason,,1개 시즌,43min,"액션, 드라마, 스릴러",,"미국, 영국",
361,인사이더,,1개 시즌,1시간 1분,"드라마, 액션",19,대한민국,Min Yeon-hong
362,사장님을 잠금해제,,1개 시즌,1시간 4분,"드라마, 코미디, 판타지, 스릴러",15,대한민국,Lee Cheol-ha
363,더 페임 게임,The Fame Game,1개 시즌,47min,"드라마, 범죄",15,인도,"Karishma Kohli ,  Bejoy Nambiar"
364,더 패뷸러스,,1개 시즌,56min,"드라마, 코미디, 로맨스",15,대한민국,
365,정원의 뱀파이어,ヴァンパイア・イン・ザ・ガーデン,1개 시즌,26min,"SF, 액션, 스릴러, 애니메이션, 드라마, 판타지, 공포",15,일본,
366,소년심판,,1개 시즌,1시간 1분,"드라마, 범죄",19,대한민국,Hong Jong-chan
367,내일의 세상,Le Monde de demain,1개 시즌,51min,드라마,,프랑스,
368,풍기농서 : 첩보사,风起陇西,1개 시즌,45min,"드라마, 스릴러",15+,China,Luyang
369,클라르크,Clark,1개 시즌,1시간 0분,"스릴러, 액션, 코미디, 범죄, 드라마",,스웨덴,
370,그 여자의 집 건너편 창가에 웬 소녀가 있다,The Woman in the House Across the Street from the Girl in the Window,1개 시즌,26min,"코미디, 드라마, 스릴러, 범죄",19,미국,Michael Lehmann
371,파나티코,Fanático,1개 시즌,18min,드라마,,스페인,
372,임퍼펙트,The Imperfects,1개 시즌,43min,"드라마, SF, 액션, 판타지",19,캐나다,
373,야카모즈 S-245,Yakamoz S-245,1개 시즌,48min,"SF, 드라마, 액션, 스릴러",15,터키,
374,하프 배드: 선 & 데빌,The Bastard Son & the Devil Himself,1개 시즌,49min,"SF, 액션, 판타지, 공포, 드라마",,영국,
375,어둠 속의 감시자,The Watcher,1개 시즌,48min,"드라마, 스릴러, 공포",19,미국,
376,넌 특별하지 않아,Tú no eres especial,1개 시즌,36min,"드라마, 코미디, SF, 판타지",15,스페인,
377,고스트 닥터,,1개 시즌,1시간 6분,"SF, 코미디, 드라마, 판타지, 로맨스",15,대한민국,
378,그 해 우리는,,1개 시즌,1시간 0분,"코미디, 드라마",15,대한민국,Kim Yoon-jin
379,섀도우 앤 본,Shadow and Bone,2개 시즌,56min,"드라마, SF, 액션, 판타지",19,미국,
380,하트가 빛나는 순간,,1개 시즌,26min,드라마,7,대한민국,"Park Jieun ,  Son Yeeun"
381,5인의 후아나,La venganza de las Juanas,1개 시즌,39min,"드라마, 공포, 로맨스, 범죄",,멕시코,
382,제너레이션 56K,Generation 56K,1개 시즌,30min,"코미디, 드라마, 로맨스",15,이탈리아,
383,어사소오작,御赐小仵作,1개 시즌,39min,"스릴러, 코미디, 드라마",15,China,Lou Jian
384,비밀의 도시,Cidade Invisível,2개 시즌,38min,"SF, 판타지, 스릴러, 범죄, 드라마",15,브라질,
385,레밍 인 더 가든,箱庭のレミング,1개 시즌,37min,"드라마, 범죄",,일본,Michihito Fujii
386,이레귤러스,The Irregulars,1개 시즌,53min,"범죄, 드라마, 판타지, SF",,영국,
387,Behind Her Eyes,,1개 시즌,50min,"드라마, 스릴러",,영국,
388,엄마는 둘밖에 없지,Daughter from Another Mother,3개 시즌,38min,"코미디, 드라마",,멕시코,
389,스위트 투스: 사슴뿔을 가진 소년,Sweet Tooth,3개 시즌,52min,"SF, 액션, 드라마, 판타지",15,미국,
390,고요의 바다,The Silent Sea,1개 시즌,45min,"드라마, SF, 스릴러",,대한민국,
391,더 서펀트,The Serpent,1개 시즌,57min,"범죄, 드라마, 스릴러",,영국,
392,Bortført,The Girl from Oslo,1개 시즌,31min,"드라마, 스릴러",15,"노르웨이, 이스라엘",
393,이지파생활,理智派生活,1개 시즌,46min,"드라마, 로맨스",,China,Fu-chun Hsu
394,크리에이터 파일: 골드,クリエイターズ・ファイル GOLD,1개 시즌,25min,"코미디, 드라마",,일본,
395,언더 파이어,Onder Vuur,2개 시즌,48min,드라마,,벨기에,Joost Wynant
396,파이어플라이 레인,Firefly Lane,2개 시즌,52min,"드라마, 로맨스",,미국,
397,홀스턴,Halston,1개 시즌,47min,드라마,,미국,
398,"엘리트들, 못다 한 이야기: 카를라 사무엘",Elite Histórias Breves: Carla Samuel,1개 시즌,14min,"드라마, 로맨스",,스페인,Jorge Torregrossa
399,홈타운,,1개 시즌,1시간 3분,"스릴러, 범죄, 드라마, 공포",15,대한민국,Park Hyeon-seok
400,너를 닮은 사람,,1개 시즌,1시간 12분,드라마,15,대한민국,Im Hyeon-wook
401,컨트리 컴포트,Country Comfort,1개 시즌,25min,"코미디, 드라마, 가족, 음악",12,미국,
402,한마 바키,範馬刃牙,2개 시즌,25min,"액션, 스릴러, 애니메이션, 드라마, 스포츠",19,일본,
403,해적 왕국의 황금시대,The Lost Pirate Kingdom,1개 시즌,43min,"다큐멘터리, 드라마, 역사",,미국,
404,자이바!,Jiva!,2개 시즌,38min,드라마,,남아프리카공화국,
405,천국과 지옥 ~사이코 두 사람~,天国と地獄 〜サイコな2人〜,1개 시즌,52min,"범죄, 드라마",15+,일본,
406,"엘리트들, 못다 한 이야기: 카를라 사무엘",Elite Histórias Breves: Carla Samuel,1개 시즌,14min,"드라마, 로맨스",,스페인,Jorge Torregrossa
407,Ingansilgyeog,Lost,1개 시즌,1시간 10분,"드라마, 로맨스",15,대한민국,Hur Jin-ho
408,홈타운,,1개 시즌,1시간 3분,"드라마, 스릴러, 범죄, 공포",15,대한민국,Park Hyeon-seok
409,프리티 스마트,Pretty Smart,1개 시즌,23min,"코미디, 로맨스, 드라마",15,미국,
410,멜랑꼴리아,,1개 시즌,1시간 0분,"드라마, 로맨스",15,대한민국,Kim Sang-hyub
411,트라이브 오브 유로파,Tribes of Europa,1개 시즌,47min,"SF, 드라마, 액션, 판타지",,독일,"Philip Koch ,  Florian Baxmeyer"
412,He-Man and the Masters of the Universe,,3개 시즌,25min,"애니메이션, 액션, 코미디, 드라마, 가족, 판타지, SF",,미국,
413,니미소시흔미,你微笑时很美,1개 시즌,44min,"코미디, 드라마, 로맨스, 스포츠",15,China,Qiu Zhongwei
414,"엘리트들, 못다 한 이야기: 오마르 안데르 알렉시스",Elite Histórias Breves: Omar Ander Alexis,1개 시즌,12min,드라마,,스페인,Jorge Torregrossa
415,더 체어,The Chair,1개 시즌,30min,"드라마, 코미디",15,미국,Daniel Gray Longino
416,그들의 왕국,El Reino,2개 시즌,47min,"범죄, 드라마",19,Arjantin,
417,"Komi-san wa, Komyushou Desu.",Komi Can't Communicate,2개 시즌,24min,"로맨스, 애니메이션, 코미디, 드라마",12,일본,
418,펭귄 타운,Penguin Town,1개 시즌,28min,"다큐멘터리, 코미디, 드라마, 가족",7,남아프리카공화국,
419,누군가는 거짓말을 하고 있다,One of Us Is Lying,2개 시즌,49min,"드라마, 범죄, 스릴러",,미국,
420,무브 투 헤븐: 나는 유품정리사입니다,,1개 시즌,52min,드라마,19,대한민국,
421,공작도시,,1개 시즌,1시간 6분,"드라마, 스릴러",15,대한민국,Jeon Chang-geun
422,노이마트 사람들,Neumatt,2개 시즌,46min,"가족, 로맨스, 드라마",,스위스,
423,Gaenmaeul Chachacha,Hometown Cha-Cha-Cha,1개 시즌,1시간 18분,"코미디, 드라마, 로맨스",15,대한민국,
424,다 잘될 거야,Todo va a estar bien,1개 시즌,30min,"코미디, 드라마, 다큐멘터리",,멕시코,
425,Clickbait,,1개 시즌,46min,"범죄, 드라마, 스릴러",,"호주, 미국",
426,"엘리트들, 못다 한 이야기: 필리프 카예 펠리페",Élite Historias Breves: Phillipe Caye Felipe,1개 시즌,13min,"스릴러, 코미디, 드라마, 로맨스",,스페인,Lucía Alemany
427,"엘리트들, 못다 한 이야기: 사무엘 오마르",Élite Historias Breves: Samuel Omar,1개 시즌,12min,"코미디, 드라마",,스페인,Lucía Alemany
428,더 원,The One,1개 시즌,42min,"범죄, 드라마, SF, 스릴러, 액션",,영국,"Jeremy Lovering ,  Catherine Morshead ,  Brady Hood"
429,싸우자 귀신아,คู่ไฟท์ไฝว้ผี,1개 시즌,1시간 7분,"드라마, 스릴러, 액션, 공포, 로맨스, 판타지",15+,태국,Kongkiat Khomsiri
430,Tokyo Revengers,,3개 시즌,24min,"애니메이션, 액션, 드라마, 범죄",15,일본,
431,페이트: 윙스의 전설,Fate: The Winx Saga,2개 시즌,51min,"SF, 드라마, 액션, 판타지",15,영국,
432,불안한 사람들,Anxious People,1개 시즌,29min,"코미디, 범죄, 드라마",15,스웨덴,Felix Herngren
433,아케인,Arcane,2개 시즌,41min,"액션, 드라마, 판타지, SF, 애니메이션",15,"미국, 프랑스",
434,제로,Zero,1개 시즌,24min,"SF, 판타지, 액션, 코미디, 드라마",,이탈리아,
435,국자감래료개여제자 : 국자감 로맨스,国子监来了个女弟子,1개 시즌,45min,"드라마, 스릴러, 코미디, 역사, 로맨스",15,China,Xu Pei Shan
436,삼생 초월 로맨스 우룡,遇龙,1개 시즌,35min,"액션, 드라마",12,China,Min Guo Hui
437,"사랑, 그 어디쯤 : 아시진적애니",我是真的爱你,1개 시즌,42min,드라마,15,China,Lv Xing
438,히트 & 런,Hit & Run,1개 시즌,44min,"드라마, 액션, 범죄, 스릴러",19,이스라엘,"Rotem Shamir ,  Neasa Hardiman ,  Mike Barker"
439,제로 칠,Zero Chill,1개 시즌,34min,"드라마, 코미디",,영국,
440,더 체스트넛 맨,Kastanjemanden,1개 시즌,55min,"드라마, 스릴러, 범죄",19,덴마크,
441,흙 팝니다,Soil,1개 시즌,46min,"코미디, 드라마",,벨기에,"Mathieu Mortelmans ,  Bilall Fallah ,  Adil El Arbi"
442,꾸미는 사랑에는 이유가 있어,Kikazaru Koi ni wa Riyuu ga Atte,1개 시즌,48min,"로맨스, 드라마",15,일본,
443,아홉 개의 감정,நவரசா,1개 시즌,34min,드라마,15,인도,
444,코요테 스카우트,Coyotes,1개 시즌,44min,드라마,,"벨기에, 룩셈부르크",
445,안녕? 나야!,,1개 시즌,1시간 2분,"드라마, SF, 코미디, 로맨스, 판타지",15,대한민국,Lee Hyun-seok
446,엘프들,Elves,1개 시즌,24min,"판타지, 공포, 스릴러, 드라마, SF",15,덴마크,Roni Ezra
447,췌서 : 데릴사위,赘婿,2개 시즌,44min,"드라마, 코미디, SF, 액션",15+,China,鄧科
448,악마판사,,1개 시즌,1시간 14분,"스릴러, 드라마, 범죄",15,대한민국,Choi Jung-kyu
449,설중한도행 : 왕의 길,雪中悍刀行,1개 시즌,45min,"드라마, 로맨스, 액션, 판타지, 역사",15+,China,Song Xiaofei
450,스카이 로호,Sky Rojo,3개 시즌,29min,"액션, 범죄, 드라마, 스릴러",,스페인,
451,가남전,嘉南传,1개 시즌,48min,드라마,12+,China,Zhi Lei
452,불가살,,1개 시즌,1시간 11분,"SF, 액션, 판타지, 스릴러, 드라마",15,대한민국,"Ham Seung-hoon ,  Jang Young-woo"
453,화등초상,華燈初上,3개 시즌,52min,"범죄, 드라마, 스릴러",19,대만,
454,기지적상반장 : 청춘시대,机智的上半场,1개 시즌,47min,"드라마, 코미디, 로맨스",15,China,Li Zhi
455,연모,,1개 시즌,1시간 5분,드라마,15,대한민국,Song Hyun-wook
456,블루 피리어드,ブルーピリオド,1개 시즌,25min,"애니메이션, 드라마",,일본,
457,Lupin,,3개 시즌,46min,"액션, 범죄, 드라마",15,"프랑스, 미국",
458,Bangkok Breaking,,1개 시즌,1시간 0분,"액션, 범죄, 드라마, 스릴러",,태국,Kongkiat Khomsiri
459,너에게 주는 시간,The Time It Takes,1개 시즌,13min,"로맨스, 드라마, 코미디",,스페인,
460,삶이 우리를 갈라놓을 때까지,Until Life Do Us Part,1개 시즌,45min,드라마,,포르투갈,Manuel Pureza
461,혼인 신고서에 도장을 찍었을 뿐인데,婚姻届に判を捺しただけですが,1개 시즌,47min,"코미디, 드라마, 로맨스",15+,일본,
462,어둠 속의 미사,Midnight Mass,1개 시즌,1시간 4분,"드라마, 판타지, 공포, SF, 스릴러",,미국,
463,Dive Club,,1개 시즌,27min,"드라마, 가족",12,호주,
464,어사와 조이,,1개 시즌,1시간 0분,"드라마, 스릴러, 코미디, 역사",15,대한민국,Yoo Jong-sun
465,포스트모템: 스카르네스에서는 아무도 죽지 않는다,Post Mortem: No One Dies in Skarnes,1개 시즌,45min,"코미디, 드라마, 스릴러",,노르웨이,
466,라켓소년단,,1개 시즌,1시간 11분,"드라마, 코미디, 스포츠",15,대한민국,
467,아이 니드 로맨스,รักใช่ไหมที่หัวใจต้องการ,1개 시즌,45min,"드라마, 로맨스",15,태국,Sakon Tiacharoen
468,지금부터 시작일까,On the Verge,1개 시즌,32min,"드라마, 코미디",15,프랑스,
469,루나 파크,Luna Park,1개 시즌,50min,"드라마, 로맨스",19,이탈리아,"Leonardo D'Agostini ,  Anna Negri"
470,지니 & 조지아,Ginny & Georgia,2개 시즌,56min,"코미디, 드라마",19,미국,
471,마이 네임,,1개 시즌,50min,"스릴러, 범죄, 드라마, 액션",19,대한민국,
472,마사미르 지구,Masameer County,2개 시즌,21min,"애니메이션, 코미디, 드라마",19,사우디아라비아,Malik Nejer
473,로스쿨,Law School,1개 시즌,1시간 2분,"범죄, 드라마, 스릴러",15,대한민국,Kim Sok-yun
474,오드 택시,オッドタクシー,1개 시즌,23min,"스릴러, 애니메이션, 코미디, 범죄, 드라마",19,일본,
475,주피터스 레거시,Jupiter's Legacy,1개 시즌,45min,"드라마, SF, 액션, 판타지",19,미국,
476,재규어,Jaguar,1개 시즌,45min,"드라마, 전쟁, 액션, 역사",,스페인,
477,무직전생 ~이세계에 갔으면 최선을 다한다~,無職転生 ～異世界行ったら本気だす～,2개 시즌,24min,"액션, SF, 판타지, 애니메이션, 드라마",19,일본,
478,호리미야,ホリミヤ,1개 시즌,23min,"코미디, 드라마, 애니메이션, 로맨스",15,일본,
479,봄베이 우먼,बॉम्बे बेगम्स,1개 시즌,49min,드라마,,인도,
480,우리 이혼합니다,Decoupled,1개 시즌,31min,"코미디, 드라마",19,인도,Hardik Mehta
481,산하령,山河令,1개 시즌,43min,"SF, 판타지, 역사, 로맨스, 액션, 드라마",15,China,
482,야스케,YASUKE －ヤスケ－,1개 시즌,29min,"드라마, 액션, SF, 판타지, 스릴러, 애니메이션, 역사",19,일본,
483,섹스/라이프,Sex/Life,2개 시즌,50min,"코미디, 드라마, 로맨스",,미국,
484,트루 스토리,True Story,1개 시즌,39min,"드라마, 범죄, 스릴러",,미국,
485,불멸의 그대에게,不滅のあなたへ,2개 시즌,25min,"SF, 드라마, 액션, 판타지, 애니메이션",15,일본,
486,Ojingeo Geim,Squid Game,2개 시즌,55min,"액션, 드라마, 스릴러",19,대한민국,
487,Age of Samurai: Battle for Japan,,1개 시즌,43min,"드라마, 역사, 전쟁, 다큐멘터리, 액션",,미국,Stephen Scott
488,Eoneu Nal Uri Jip Hyeon-gwaneuro Myeolmang-i Deureowatda,Doom at Your Service,1개 시즌,1시간 0분,"드라마, 판타지, 로맨스, SF",15,대한민국,Kwon Young-il
489,카이드,Caïd,1개 시즌,37min,"범죄, 드라마, 액션, 스릴러",,프랑스,
490,이 구역의 미친 X,,1개 시즌,35min,"드라마, 코미디, 로맨스",15,대한민국,Lee Tae-gon
491,맛있는 로맨스,爱很美味,1개 시즌,32min,"드라마, 코미디, 로맨스",15+,China,"Leste Chen ,  Hsu Chao-Jen"
492,뜻밖의 살인자,Den osannolika mördaren,1개 시즌,47min,"드라마, 범죄",15,스웨덴,Charlotte Brändström
493,군구령,君九龄,1개 시즌,43min,"스릴러, 드라마, 역사, 로맨스",15,China,Ze Xie
494,빈센조,,1개 시즌,1시간 21분,"액션, 코미디, 드라마, 범죄",15,대한민국,"Ham Seung-hoon ,  Kim Hee-won"
495,조용한 희망,Maid,1개 시즌,54min,드라마,15,미국,
496,키츠,Kitz,1개 시즌,44min,"드라마, 스릴러",15,독일,
497,결혼작사 이혼작곡,,3개 시즌,1시간 8분,"드라마, 로맨스",15,대한민국,Oh Sang-won
498,"엘리트들, 못다 한 이야기: 나디아 구스만",Elite Histórias Breves: Nadia Guzmán,1개 시즌,11min,"드라마, 로맨스",,스페인,Dani de la Orden
499,아블라 파히타: 여왕의 역습,أبلة فاهيتا: دراما كوين,1개 시즌,25min,"코미디, 드라마, 범죄",,이집트,Khaled Marei
500,영 로열스,Young Royals,3개 시즌,45min,"드라마, 로맨스",15,스웨덴,
501,마인,,1개 시즌,1시간 9분,드라마,15,대한민국,"오승열 ,  Lee Na-jeong"
502,TOKYO MER ~달리는 응급실~,TOKYO MER 〜走る緊急救命室〜,1개 시즌,50min,드라마,19,일본,Shunichi Hirano
503,암격리적비밀 : 서랍 속 비밀,暗格里的秘密,1개 시즌,46min,드라마,15+,China,Zhang Xiao An
504,누가 사라를 죽였을까,¿Quién mató a Sara?,3개 시즌,41min,"스릴러, 드라마, 범죄",19,멕시코,
505,"엘리트들, 못다 한 이야기: 나디아 구스만",Elite Histórias Breves: Nadia Guzmán,1개 시즌,11min,"드라마, 로맨스",,스페인,Dani de la Orden
506,대송궁사,大宋宫词,1개 시즌,45min,드라마,15+,China,"Zeng Nian Ping ,  Li Shaohong"
507,점선을 따라 찢어라,Strappare lungo i bordi,1개 시즌,19min,"코미디, 드라마, 애니메이션",15,이탈리아,
508,너는 나의 봄,,1개 시즌,1시간 9분,"드라마, 로맨스, 스릴러",15,대한민국,Jung Jee-hyun
509,식샤를 할까요,รักล้นพุง,1개 시즌,1시간 0분,"드라마, 코미디",15+,"미국, 태국",Sarawut Wichiensarn
510,사랑인가 봐,Feels Like Ishq,1개 시즌,31min,"코미디, 드라마, 로맨스",,인도,"Ruchir Arun ,  Sachin Kundalkar ,  Jaydeep Sarkar ,  Danish Aslam ,  Anand Tiwari ,  Tahira Kashyap"
511,바이오하자드: 무한의 어둠,バイオハザード: インフィニット ダークネス,1개 시즌,27min,"애니메이션, 드라마, 액션, SF, 공포",19,일본,
512,카틀라,Katla,1개 시즌,45min,"드라마, 스릴러, SF, 판타지",,아이슬란드,
513,종말의 발키리,終末のワルキューレ,2개 시즌,26min,"SF, 애니메이션, 액션, 드라마, 판타지, 스릴러",19,일본,
514,나빌레라,,1개 시즌,1시간 3분,드라마,15,대한민국,
515,카우보이 비밥,Cowboy Bebop,1개 시즌,45min,"SF, 드라마, 액션, 코미디, 범죄",19,미국,
516,Brand New Cherry Flavor,,1개 시즌,43min,"드라마, 공포, 스릴러, SF",,미국,
517,사티아지트 라이 단편 걸작선,Ray,1개 시즌,59min,"드라마, 범죄, 스릴러",,인도,
518,시지프스 : the myth,,1개 시즌,1시간 11분,"SF, 액션, 로맨스, 드라마, 판타지",15,대한민국,Jin Hyuk
519,"엘리트들, 못다 한 이야기: 구스만 카예 레베",Elite Histórias Breves: Guzmán Caye Rebe,1개 시즌,12min,"범죄, 드라마, 스릴러",,스페인,Dani de la Orden
520,"아적시대, 니적시대",我的时代，你的时代,1개 시즌,45min,"드라마, 코미디",15+,China,Yu Zhong Zhong
521,우리는 업쇼 패밀리,The Upshaws,5개 시즌,26min,"코미디, 가족, 드라마",15,미국,
522,"알고있지만,",,1개 시즌,1시간 9분,"드라마, 로맨스",19,대한민국,Kim Ga-ram
523,우리 집 이야기,俺の家の話,1개 시즌,48min,드라마,15+,일본,"Ryôsuke Fukuda ,  Fuminori Kaneko ,  Daisuke Yamamuro"
524,오픈 유어 아이즈,Otwórz oczy,1개 시즌,47min,"스릴러, 드라마, SF",15,폴란드,
525,유 돈 노우 미,You Don't Know Me,1개 시즌,56min,"드라마, 범죄",,영국,
526,더 크루: 갱랜드,Braqueurs : La série,2개 시즌,46min,"액션, 범죄, 드라마, 스릴러",19,프랑스,Julien Leclercq
527,리멤버 유,คือเธอ,1개 시즌,1시간 7분,"액션, 드라마, 범죄, 로맨스",19,태국,Sivaroj Kongsakul
528,빌리언 달러 코드,The Billion Dollar Code,1개 시즌,1시간 7분,"드라마, 범죄, 스릴러",15,독일,
529,IDOL [아이돌 : The Coup],,1개 시즌,1시간 12분,"드라마, 음악",15,대한민국,Noh Jong-chan
530,"엘리트들, 못다 한 이야기: 파트리크",Élite Historias Breves: Patrick,1개 시즌,12min,"스릴러, 드라마",,스페인,Eduardo Chapero-Jackson
531,아론녹,Aranyak,1개 시즌,22min,"스릴러, 범죄, 드라마",15,인도,Vinay Waikul
532,스테이 클로즈,Stay Close,1개 시즌,47min,"범죄, 드라마, 스릴러",,영국,
533,이지머니,Snabba Cash,2개 시즌,44min,"범죄, 드라마, 액션, 스릴러",,스웨덴,
534,마야와 3인의 용사,Maya and the Three,1개 시즌,2시간 11분,"코미디, 드라마, 가족, 판타지, 애니메이션, 액션",,"멕시코, 미국",
535,알라와비 여고,مدرسة الروابي للبنات,2개 시즌,53min,드라마,15,요르단,Tima Shomali
536,스트레인지 스토리,పిట్టా కథలు,1개 시즌,37min,"드라마, 로맨스",15,인도,
537,D.P.,,2개 시즌,52min,"드라마, 액션, 범죄",15,대한민국,Han Jun-hee
538,집필 불가! 각본가 케이스케 씨의 각본 없는 인생,書けないッ!? 〜脚本家 吉丸圭佑の筋書きのない生活〜,1개 시즌,32min,"드라마, 코미디",15+,일본,
539,콜린: 흑과 백의 인생,Colin in Black and White,1개 시즌,32min,"드라마, 스포츠",15,미국,
540,아친애적소결벽 : 일단 뜨겁게 청소하라,我亲爱的“小洁癖”,1개 시즌,43min,"드라마, 코미디, 로맨스",15,China,Cai Cong
541,우리는 보았다,Somos.,1개 시즌,46min,드라마,,멕시코,
542,영원히 사라지다,Disparu à jamais,1개 시즌,49min,"드라마, Reality TV, 범죄, 스릴러",,프랑스,
543,더 클럽,Kulüp,2개 시즌,46min,"드라마, 코미디",19,터키,
544,해피니스,,1개 시즌,1시간 5분,"드라마, 스릴러, SF, 액션, 판타지, 공포",15,대한민국,An Gil-ho
545,파트마,Fatma,1개 시즌,43min,"범죄, 드라마, 스릴러",,터키,
546,곤도 마리에: 기쁨을 찾아라,Sparking Joy with Marie Kondo,1개 시즌,42min,"드라마, 역사, Reality TV, 코미디, 다큐멘터리",ALL,미국,
547,일본 침몰 -희망의 사람-,日本沈没ー希望のひとー,1개 시즌,54min,"전쟁, 드라마, SF",15+,일본,"Nobuhiro Doi ,  Yohei Miyazaki"
548,구경이,,1개 시즌,1시간 9분,"코미디, 드라마, 스릴러, 범죄, 액션",15,대한민국,Lee Jung-heum
549,글로리아,Glória,1개 시즌,44min,"드라마, 역사, 스릴러",,포르투갈,Tiago Guedes
550,에덴,エデン,1개 시즌,25min,"애니메이션, 드라마, SF, Reality TV, 액션, 가족",12,일본,
551,지옥,,2개 시즌,52min,"드라마, 범죄, SF, 판타지, 공포, 스릴러",19,대한민국,
552,결백,El inocente,1개 시즌,58min,"스릴러, 드라마, 범죄",,스페인,
553,극주부도,極主夫道,2개 시즌,18min,"코미디, 애니메이션, 범죄, 드라마, 액션",15,일본,
554,헨테파이드,Gentefied,2개 시즌,30min,"코미디, 드라마",,미국,
555,나의 특별한 힐링 친구,The Healing Powers of Dude,1개 시즌,25min,"코미디, 드라마, 가족, 판타지, 액션",,미국,
556,드라큘라,Dracula,1개 시즌,1시간 28분,"액션, 드라마, 스릴러, 판타지, 공포",15,영국,
557,Shadowplay,The Defeated,1개 시즌,55min,"드라마, 역사, 스릴러",,"독일, 캐나다, 프랑스",Måns Mårlind
558,우린 제법 안 어울려요,Mismatched,3개 시즌,35min,"코미디, 드라마, 로맨스",15,인도,Akarsh Khurana
559,더 서치: 사라진 아이,Historia de un crimen: la búsqueda,1개 시즌,41min,"코미디, 범죄, 드라마",15,멕시코,"Santiago Limón ,  Katina Medina Mora ,  Catalina Aguilar Mastretta"
560,보건교사 안은영,,1개 시즌,51min,"드라마, SF, 판타지, 코미디",15,대한민국,Lee Kyoung-mi
561,스테이트리스,Stateless,1개 시즌,53min,드라마,15,호주,
562,영혼 신부,彼岸之嫁,1개 시즌,51min,"스릴러, 드라마, 가족, 판타지",19,"말레이시아, 대만",
563,루갈,,1개 시즌,1시간 4분,"액션, 범죄, 스릴러, SF, 드라마",15,대한민국,Kang Chul Woo
564,그리고 베를린에서,Unorthodox,1개 시즌,54min,드라마,15,독일,
565,Twenty Your Life On,,2개 시즌,47min,"로맨스, 드라마",12+,,
566,Sweet Home,,3개 시즌,1시간 0분,"공포, 스릴러, 드라마, 판타지, SF, 범죄",,대한민국,Lee Eung-bok
567,이상한 과자가게 전천당,ふしぎ駄菓子屋 銭天堂,1개 시즌,9min,"애니메이션, 스릴러, 코미디, SF, 드라마",12,일본,Park Bong-seob
568,White Lines,,1개 시즌,55min,"스릴러, 범죄, 드라마",,"영국, 스페인",
569,필 굿,Feel Good,2개 시즌,25min,"드라마, 코미디, 로맨스",,영국,Luke Snellin
570,신이 된 날,神様になった日,1개 시즌,24min,"드라마, SF, 코미디, 애니메이션",15+,일본,
571,블러드 & 워터,Blood & Water,4개 시즌,47min,드라마,19,남아프리카공화국,
572,잉글리시 게임,The English Game,1개 시즌,48min,드라마,12,영국,
573,"겨우, 서른",三十而已,1개 시즌,45min,드라마,15,China,Zhang Xiao-Bo
574,전문중적진천천,传闻中的陈芊芊,1개 시즌,45min,"드라마, 코미디, 판타지, 로맨스",15,China,Cha Chuen-Yee
575,엠파이어 옥토버페스트,Oktoberfest: Beer & Blood,1개 시즌,48min,"드라마, 역사, 스릴러",,"독일, 체코 공화국",Hannu Salonen
576,옥토버 팩션,October Faction,1개 시즌,41min,"드라마, 판타지, 공포, SF",,미국,
577,The Liberator,,1개 시즌,49min,"애니메이션, 액션, 드라마, 전쟁",,미국,
578,여성향 게임의 파멸 플래그밖에 없는 악역 영애로 환생해버렸다...,乙女ゲームの破滅フラグしかない悪役令嬢に転生してしまった…,2개 시즌,23min,"드라마, SF, 애니메이션, 코미디, 로맨스, 판타지",15,일본,
579,입에서 입으로,Boca a Boca,1개 시즌,41min,"드라마, 스릴러",19,"브라질, 스페인","Juliana Rojas ,  Esmir Filho"
580,유리미인살,琉璃,1개 시즌,47min,"드라마, SF, 판타지, 로맨스, 액션",15,China,"Yin Tao ,  Mai Guanzhi"
581,칼리프의 나라,Kalifat,1개 시즌,48min,"전쟁, 드라마, 범죄, 스릴러",,스웨덴,Goran Kapetanović
582,아리스 인 보더랜드,Alice in Borderland,3개 시즌,54min,"SF, 스릴러, 액션, 드라마",,일본,
583,누군가 죽어야 한다,Someone Has to Die,1개 시즌,50min,"범죄, 드라마, 스릴러",,"스페인, 멕시코",
584,F반 아이들,The Underclass,1개 시즌,55min,드라마,12,태국,Pass Pattanakumjon
585,굿 모닝 베로니카,"Bom Dia, Verônica",3개 시즌,49min,"범죄, 드라마, 스릴러",19,브라질,José Henrique Fonseca
586,오 마이 베이비,,1개 시즌,1시간 7분,"코미디, 가족, 드라마, 로맨스",15,대한민국,Nam Ki-hoon
587,사생활,,1개 시즌,1시간 7분,"액션, 코미디, 범죄, 스릴러, 드라마, 로맨스",15,대한민국,Nam Geon
588,아름다웠던 우리에게,,1개 시즌,23min,"드라마, 코미디",12,대한민국,Seo Min-jung
589,나는 100만 명의 목숨 위에 서 있다,100万の命の上に俺は立っている,2개 시즌,23min,"애니메이션, 액션, SF, 드라마, 판타지",,일본,
590,마사바와 마사바,मसाबा मसाबा,2개 시즌,34min,"코미디, 드라마",15,인도,Sonam Nair
591,베이비시터 클럽,The Baby-Sitters Club,2개 시즌,27min,"코미디, 드라마, 가족",7,미국,
592,블라이 저택의 유령,The Haunting of Bly Manor,1개 시즌,55min,"스릴러, 드라마, 공포",15,미국,
593,키포와 신기한 동물들,Kipo and the Age of Wonderbeasts,3개 시즌,23min,"드라마, 가족, 판타지, SF, 애니메이션, 액션, 코미디",,"미국, 대한민국",
594,더 킹 : 영원의 군주,,1개 시즌,1시간 13분,"SF, 드라마",15,대한민국,"Baek Sang-Hoon ,  Jung Jee-hyun"
595,바바리안,Barbaren,2개 시즌,47min,"액션, 드라마",19,독일,
596,천보복요록,天宝伏妖录,2개 시즌,20min,"애니메이션, SF, 로맨스, 액션, 드라마, 판타지, 역사",12+,China,
597,Re:ZERO -Starting Life in Another World- Director's Cut,Re:ゼロから始める異世界生活 新編集版,1개 시즌,50min,"드라마, SF, 애니메이션",15+,일본,
598,바람과 구름과 비,,1개 시즌,1시간 2분,"전쟁, 드라마, 역사, 로맨스, 판타지",15,대한민국,Yoon Sang-ho
599,낮과 밤의 시간,Equinox,1개 시즌,46min,"SF, 드라마",19,덴마크,
600,로크 앤 키,Locke & Key,3개 시즌,46min,"SF, 판타지, 공포, 스릴러, 드라마",19,미국,
601,바이오해커스,Biohackers,2개 시즌,42min,"액션, 스릴러, 드라마, SF",15,독일,"Christian Ditter ,  Tim Trachte"
602,런 온,,1개 시즌,1시간 10분,"드라마, 로맨스",15,대한민국,Lee Jae-hoon
603,경우의 수,,1개 시즌,1시간 8분,"드라마, 로맨스",15,대한민국,Choi Seong-beom
604,영 월랜더,Young Wallander,2개 시즌,45min,"스릴러, 범죄, 드라마",,영국,
605,메시아,Messiah,1개 시즌,45min,"드라마, 스릴러",15,미국,
606,십년삼월삼십일,Shi Nian San Yue San Shi Ri,1개 시즌,45min,"판타지, 드라마",15,China,Kong Li Da
607,래치드,Ratched,1개 시즌,54min,"범죄, 스릴러, 드라마, 역사, 공포",19,미국,
608,디 에디,The Eddy,1개 시즌,58min,"드라마, 음악",,프랑스,
609,저주받은 소녀,Cursed,1개 시즌,55min,"액션, SF, 판타지, 드라마",,영국,
610,어웨이,Away,1개 시즌,50min,"SF, 드라마, 로맨스",15,미국,
611,산후조리원,,1개 시즌,1시간 8분,"드라마, 코미디",15,대한민국,Park Soo-won
612,주온: 저주의 집,呪怨：呪いの家,1개 시즌,29min,"드라마, 스릴러, 공포",19,일본,Sho Miyake
613,프로이트의 살인 해석,Freud,1개 시즌,53min,"드라마, 스릴러, 범죄",19,"독일, 오스트리아",Marvin Kren
614,설국열차,Snowpiercer,3개 시즌,46min,"SF, 스릴러, 액션, 드라마",19,미국,
615,"오, 할리우드",Hollywood,1개 시즌,50min,"드라마, 역사",19,미국,
616,워리어 넌: 신의 뜻대로,Warrior Nun,2개 시즌,43min,"액션, 드라마, SF, 판타지",15,미국,
617,겟 이븐,Get Even,1개 시즌,28min,"범죄, 스릴러, 드라마",15,영국,
618,미다스의 노예들,The Minions of Midas,1개 시즌,53min,"범죄, 드라마, 스릴러",,스페인,
619,네가 남긴 혼돈,The Mess You Leave Behind,1개 시즌,45min,"범죄, 드라마, 스릴러",,스페인,
620,Ragnarok,,3개 시즌,46min,"스릴러, 액션, 드라마, 판타지, SF",,"노르웨이, 덴마크",
621,7번 게이트,Puerta 7,1개 시즌,41min,"범죄, 드라마, 스릴러",,Arjantin,
622,검은 욕망,Oscuro deseo,2개 시즌,34min,"스릴러, 드라마",19,멕시코,
623,더체스 다이어리,The Duchess,1개 시즌,23min,"코미디, 드라마",19,영국,
624,컨트롤 Z,Control Z,3개 시즌,38min,"드라마, 스릴러",19,멕시코,
625,더 시스템,Onisciente,1개 시즌,46min,"SF, 드라마, 스릴러",19,브라질,
626,도시괴담,,2개 시즌,10min,"드라마, 공포, 스릴러",15,대한민국,Hong Ki-won
627,소셜 디스턴스: 마음은 가까이,Social Distance,1개 시즌,20min,"코미디, 드라마",15,미국,
628,줄리 앤 팬텀스,Julie and the Phantoms,1개 시즌,2min,"코미디, SF, 가족, 드라마, 판타지, 다큐멘터리, 음악",,미국,
629,수터블 보이,A Suitable Boy,2개 시즌,58min,"로맨스, 드라마",15,"영국, 인도",
630,셀프 메이드: 마담 C. J. 워커,Self Made: Inspired by the Life of Madam C.J. Walker,1개 시즌,47min,"드라마, 역사",15,미국,
631,가가스테루의 습격,虫籠のカガステル,1개 시즌,28min,"드라마, SF, 액션",,일본,
632,스타트업,,1개 시즌,1시간 20분,"드라마, 코미디, 로맨스",15,대한민국,Oh Choong-hwan
633,청춘은 강펀치,รักหมัดหนัก,1개 시즌,43min,"드라마, 로맨스, 스포츠",15,태국,Andy Rachyd Kusolkulsiri
634,Ask 101,Love 101,2개 시즌,42min,"코미디, 드라마, 로맨스",,터키,
635,Eizouken ni wa Te wo Dasu na!,Keep Your Hands Off Eizouken!,1개 시즌,25min,"애니메이션, 코미디, 드라마, 액션",15+,일본,Tsutomu Hanabusa
636,이케부쿠로 웨스트 게이트 파크,池袋ウエストゲートパーク,1개 시즌,23min,"드라마, 애니메이션, 로맨스",19,일본,
637,스핀 아웃,Spinning Out,1개 시즌,49min,"드라마, 스포츠",,미국,
638,킬러 코미디언,Hasmukh,1개 시즌,33min,"범죄, 드라마, 스릴러, 코미디",,인도,
639,스위트 매그놀리아,Sweet Magnolias,3개 시즌,50min,"로맨스, 드라마",15,미국,
640,틴에이지 바운티 헌터스,Teenage Bounty Hunters,1개 시즌,49min,"액션, 드라마, 코미디, 범죄",,미국,
641,잠타라: 당첨된 번호입니다,Jamtara – Sabka Number Ayega,2개 시즌,35min,"범죄, 드라마",,인도,
642,18 어게인,,1개 시즌,1시간 6분,"드라마, 코미디, SF, 판타지, 로맨스",15,대한민국,Ha Byung-hoon
643,절대쌍교,Handsome Siblings,1개 시즌,45min,"코미디, 드라마, 판타지, 로맨스, 액션",15,China,Fang Liu
644,부부의 세계,,1개 시즌,1시간 11분,"드라마, 로맨스",19,대한민국,Mo Wan-il
645,인간수업,,1개 시즌,55min,"드라마, 범죄",19,대한민국,Kim Jin-min
646,아이 엠 낫 오케이,I Am Not Okay with This,1개 시즌,21min,"코미디, 드라마, 판타지, SF",,미국,Jonathan Entwistle
647,도도솔솔라라솔,,1개 시즌,1시간 0분,"코미디, 드라마, 음악, 로맨스",15,대한민국,Kim Min-gyeong
648,여신강림,,1개 시즌,1시간 15분,"드라마, 코미디, 로맨스",15,대한민국,Kim Sang-hyub
649,달려라 비니,Bhaag Beanie Bhaag,1개 시즌,29min,"코미디, 드라마",,인도,Debbie Rao
650,세기의 도둑들,El robo del siglo,1개 시즌,44min,"드라마, 범죄, 스릴러",,콜롬비아,
651,타지마할 1989,Taj Mahal 1989,1개 시즌,34min,"드라마, 코미디, 로맨스",15,인도,
652,"우리, 사랑했을까",우리 사랑했을까,1개 시즌,1시간 6분,"코미디, 드라마, 로맨스",15,대한민국,Kim Do-hyung
653,오스만 제국의 꿈,Rise of Empires: Ottoman,2개 시즌,46min,"드라마, 역사, 전쟁, 다큐멘터리, 액션",15,미국,Emre Şahin
654,Spy Queen,Queen Sono,2개 시즌,43min,"드라마, 스릴러, 액션, 범죄",,남아프리카공화국,
655,Ghost in the Shell SAC_2045,,2개 시즌,25min,"SF, 스릴러, 애니메이션, 액션, 범죄, 드라마",,"일본, 미국",
656,브리저튼,Bridgerton,4개 시즌,1시간 0분,"드라마, 로맨스",19,미국,
657,"하이바이, 마마!",,2개 시즌,1시간 4분,"코미디, 드라마, SF, 판타지",15,대한민국,Yu Je-won
658,에이제이 & 퀸,AJ and the Queen,1개 시즌,52min,"드라마, 코미디",15,미국,
659,펫,ペット,1개 시즌,23min,"애니메이션, 스릴러, 드라마",15,일본,
660,스트레인저,The Stranger,1개 시즌,45min,"스릴러, 범죄, 드라마",19,영국,
661,날씨가 좋으면 찾아가겠어요,,1개 시즌,56min,드라마,15,대한민국,
662,"오, 발레리아",Valeria,4개 시즌,41min,"코미디, 드라마, 로맨스",,스페인,
663,멈출 수 없어,Desenfrenadas,1개 시즌,38min,드라마,19,멕시코,
664,하이에나,,1개 시즌,1시간 1분,"범죄, 드라마, 코미디, 로맨스",15,대한민국,Jang Tae-yoo
665,반요 야샤히메,半妖の夜叉姫,2개 시즌,27min,"액션, 애니메이션, 가족, 판타지, 코미디, 드라마",15,일본,
666,안녕 여름,Summertime,3개 시즌,43min,"코미디, 드라마, 로맨스",,이탈리아,
667,에토스,Bir Başkadır,1개 시즌,49min,드라마,19,터키,Berkun Oya
668,작은 존재들,Tiny Creatures,1개 시즌,25min,"다큐멘터리, 드라마, 가족",12,영국,Jonathan Jones
669,Seulgiroun Euisasaenghal,Hospital Playlist,2개 시즌,1시간 32분,"코미디, 드라마, 로맨스",15,대한민국,
670,Black Space,,2개 시즌,46min,"스릴러, 범죄, 드라마",,이스라엘,
671,희생자 게임,誰是被害者,2개 시즌,1시간 0분,"드라마, 범죄, 스릴러",19,대만,"David Chuang ,  Chen Kuan-chung"
672,The Story of Gumiho,Tale of the Nine Tailed,2개 시즌,1시간 10분,"로맨스, 판타지, 역사, 공포, 코미디, 스릴러, SF, 드라마",15,대한민국,"Kang Shin-hyo ,  Jo Nam-hyung"
673,우리가 몰랐던 그녀,She,2개 시즌,41min,"드라마, 범죄",19,인도,
674,이태원 클라쓰,,1개 시즌,1시간 10분,"드라마, 로맨스",15,대한민국,Kim Seong-yoon
675,모범형사,,2개 시즌,1시간 7분,"액션, 범죄, 드라마, 스릴러",15,대한민국,Cho Nam-guk
676,데프 U,Deaf U,1개 시즌,19min,"다큐멘터리, Reality TV, 드라마",,미국,
677,일본 침몰 2020,日本沈没2020,1개 시즌,26min,"애니메이션, 액션, 드라마, SF",15,일본,
678,퀸스 갬빗,The Queen's Gambit,1개 시즌,56min,드라마,19,미국,
679,Najgwa Bam,Awaken,1개 시즌,1시간 3분,"로맨스, 범죄, 드라마, 판타지, 다큐멘터리",15,대한민국,
680,마지막 한마디,The Last Word,1개 시즌,42min,"드라마, 코미디, 역사",,독일,
681,그들의 속삭임,وساوس,2개 시즌,39min,"스릴러, 드라마",15,"인도, 사우디아라비아",Hana Al Omair
682,경이로운 소문,,2개 시즌,1시간 6분,"드라마, 액션, 스릴러, 판타지, 공포",15,대한민국,You Sun-dong
683,미씽: 그들이 있었다,,2개 시즌,1시간 4분,"스릴러, SF, 드라마, 판타지",15,대한민국,
684,루나 네라,Luna Nera,1개 시즌,45min,"드라마, 판타지, 스릴러, SF",,이탈리아,
685,사이코지만 괜찮아,,1개 시즌,1시간 16분,"드라마, 코미디, 로맨스",15,대한민국,
686,아우터 뱅크스,Outer Banks,4개 시즌,50min,"드라마, 액션, 범죄, 로맨스, 스릴러",15,미국,
687,청춘기록,,1개 시즌,1시간 13분,"드라마, 로맨스",15,대한민국,An Gil-ho
688,나 홀로 그대,,1개 시즌,53min,"SF, 드라마, 로맨스",15,대한민국,Lee Sang-yeob
689,숲,W głębi lasu,1개 시즌,38min,"드라마, 스릴러, 범죄",19,폴란드,
690,크리스마스는 가족과 함께,ÜberWeihnachten,1개 시즌,48min,"코미디, 드라마",15,독일,Tobi Baumann
691,씬 스토리,பாவக் கதைகள்,1개 시즌,37min,드라마,19,인도,
692,그레이트 프리텐더,GREAT PRETENDER,2개 시즌,23min,"코미디, 액션, 드라마, 애니메이션, 범죄",19,일본,
693,쌍갑포차,,1개 시즌,1시간 7분,"드라마, SF, 코미디, 판타지",15,대한민국,Jeon Chang-geun
694,셀레나,Selena: The Series,2개 시즌,38min,"드라마, 음악",12,미국,
695,패러노멀,ما وراء الطبيعة,1개 시즌,31min,"드라마, SF",,이집트,"Majid Al Ansari ,  Amr Salama"
696,클럽 아레스,Ares,1개 시즌,29min,"스릴러, 공포, 드라마",,네덜란드,"Giancarlo Sanchez ,  Michiel ten Horn"
697,스페이스 포스,Space Force,2개 시즌,30min,"코미디, 드라마",15,미국,
698,바다에 약속해,Ước Hẹn Làng Chài,1개 시즌,21min,"드라마, 액션, 로맨스",15,WEBAPP_COUNTRY_VN,
699,"에밀리, 파리에 가다",Emily in Paris,4개 시즌,30min,"드라마, 코미디, 로맨스",15,미국,
700,악의 꽃,,1개 시즌,1시간 1분,"드라마, 범죄, 스릴러, 로맨스",15,대한민국,
701,크리스마스를 망치는 방법,How to Ruin Christmas,3개 시즌,50min,"코미디, 드라마",15,남아프리카공화국,
702,도시남녀의 사랑법,,1개 시즌,30min,"드라마, 로맨스",15,대한민국,Park Shin-woo
703,팔로워들,Followers,1개 시즌,40min,"드라마, 코미디",19,일본,Mika Ninagawa
704,사랑 없는 숲 : 깊은 상처,愛なき森で叫べ : Deep Cut,1개 시즌,40min,"드라마, 스릴러, 범죄, 공포",19,일본,Sion Sono
705,"에밀리, 파리에 가다",Emily in Paris,4개 시즌,30min,"드라마, 코미디, 로맨스",15,미국,
706,스페이스 포스,Space Force,2개 시즌,30min,"코미디, 드라마",15,미국,
707,바다에 약속해,Ước Hẹn Làng Chài,1개 시즌,21min,"드라마, 액션, 로맨스",15,WEBAPP_COUNTRY_VN,
708,누나의 첫사랑,下一站是幸福,1개 시즌,44min,"드라마, 로맨스",15,China,Ding Ziguang
709,라 레볼뤼시옹,La Révolution,1개 시즌,46min,"드라마, 판타지, 역사, 스릴러, 전쟁, 액션",19,프랑스,
710,(아는 건 별로 없지만) 가족입니다,,1개 시즌,1시간 13분,드라마,15,대한민국,Kwon Young-il
711,띠엔 브로맨스,Chưa Một Lần Trọn Vẹn,2개 시즌,24min,드라마,19,WEBAPP_COUNTRY_VN,
712,네버 해브 아이 에버,Never Have I Ever,4개 시즌,28min,"코미디, 드라마, Reality TV",15,미국,
713,어둠 속으로,Into the Night,2개 시즌,36min,"SF, 드라마, 스릴러",15,벨기에,
714,뱀파이어들,Vampires,1개 시즌,40min,"SF, 드라마, 판타지, 공포",19,프랑스,
715,러브 앤 아나키,Kärlek & Anarki,2개 시즌,31min,"코미디, 드라마, 로맨스",,스웨덴,
716,반교: 디텐션,返校,1개 시즌,49min,"드라마, 스릴러, 공포",19,대만,
717,비어 브라더스,Brews Brothers,1개 시즌,18min,"코미디, 드라마",,미국,
718,화양연화 - 삶이 꽃이 되는 순간,,1개 시즌,55min,"드라마, 가족, 로맨스",15,대한민국,Son Jeong-hyeon
719,대시 & 릴리,Dash & Lily,1개 시즌,25min,"코미디, 드라마, 로맨스",12,미국,
720,쿠론의 종소리,Curon,1개 시즌,47min,"드라마, 스릴러, SF",,이탈리아,
